"ImageId","FileName","FullPath","FileSizeBytes"
"1","WhatsApp Image 2026-02-19 at 2.26.10 PM.jpeg","C:\Users\Gayathri\Downloads\KV\WhatsApp Image 2026-02-19 at 2.26.10 PM.jpeg","385439"
"2","WhatsApp Image 2026-02-19 at 2.31.36 PM (1).jpeg","C:\Users\Gayathri\Downloads\KV\WhatsApp Image 2026-02-19 at 2.31.36 PM (1).jpeg","329891"
"3","WhatsApp Image 2026-02-19 at 2.31.36 PM.jpeg","C:\Users\Gayathri\Downloads\KV\WhatsApp Image 2026-02-19 at 2.31.36 PM.jpeg","148529"
"4","WhatsApp Image 2026-02-19 at 2.31.37 PM (1).jpeg","C:\Users\Gayathri\Downloads\KV\WhatsApp Image 2026-02-19 at 2.31.37 PM (1).jpeg","419098"
"5","WhatsApp Image 2026-02-19 at 2.31.37 PM.jpeg","C:\Users\Gayathri\Downloads\KV\WhatsApp Image 2026-02-19 at 2.31.37 PM.jpeg","421075"
"6","WhatsApp Image 2026-02-19 at 2.31.38 PM.jpeg","C:\Users\Gayathri\Downloads\KV\WhatsApp Image 2026-02-19 at 2.31.38 PM.jpeg","287963"
"7","WhatsApp Image 2026-02-19 at 2.34.19 PM.jpeg","C:\Users\Gayathri\Downloads\KV\WhatsApp Image 2026-02-19 at 2.34.19 PM.jpeg","397138"
"8","WhatsApp Image 2026-02-19 at 2.35.44 PM.jpeg","C:\Users\Gayathri\Downloads\KV\WhatsApp Image 2026-02-19 at 2.35.44 PM.jpeg","204114"
"9","WhatsApp Image 2026-02-19 at 2.44.27 PM (1).jpeg","C:\Users\Gayathri\Downloads\KV\WhatsApp Image 2026-02-19 at 2.44.27 PM (1).jpeg","335970"
"10","WhatsApp Image 2026-02-19 at 2.44.27 PM.jpeg","C:\Users\Gayathri\Downloads\KV\WhatsApp Image 2026-02-19 at 2.44.27 PM.jpeg","324457"
"11","WhatsApp Image 2026-02-20 at 1.11.05 PM (1).jpeg","C:\Users\Gayathri\Downloads\KV\WhatsApp Image 2026-02-20 at 1.11.05 PM (1).jpeg","148267"
"12","WhatsApp Image 2026-02-20 at 1.11.05 PM (2).jpeg","C:\Users\Gayathri\Downloads\KV\WhatsApp Image 2026-02-20 at 1.11.05 PM (2).jpeg","120567"
"13","WhatsApp Image 2026-02-20 at 1.11.05 PM.jpeg","C:\Users\Gayathri\Downloads\KV\WhatsApp Image 2026-02-20 at 1.11.05 PM.jpeg","145898"
"14","WhatsApp Image 2026-02-20 at 1.11.06 PM (1).jpeg","C:\Users\Gayathri\Downloads\KV\WhatsApp Image 2026-02-20 at 1.11.06 PM (1).jpeg","141250"
"15","WhatsApp Image 2026-02-20 at 1.11.06 PM.jpeg","C:\Users\Gayathri\Downloads\KV\WhatsApp Image 2026-02-20 at 1.11.06 PM.jpeg","107362"
"16","WhatsApp Image 2026-02-20 at 1.11.07 PM.jpeg","C:\Users\Gayathri\Downloads\KV\WhatsApp Image 2026-02-20 at 1.11.07 PM.jpeg","81761"
"17","WhatsApp Image 2026-02-20 at 12.51.06 PM (1).jpeg","C:\Users\Gayathri\Downloads\KV\WhatsApp Image 2026-02-20 at 12.51.06 PM (1).jpeg","171232"
"18","WhatsApp Image 2026-02-20 at 12.51.06 PM (2).jpeg","C:\Users\Gayathri\Downloads\KV\WhatsApp Image 2026-02-20 at 12.51.06 PM (2).jpeg","170532"
"19","WhatsApp Image 2026-02-20 at 12.51.06 PM.jpeg","C:\Users\Gayathri\Downloads\KV\WhatsApp Image 2026-02-20 at 12.51.06 PM.jpeg","150093"
"20","WhatsApp Image 2026-02-20 at 12.51.07 PM (1).jpeg","C:\Users\Gayathri\Downloads\KV\WhatsApp Image 2026-02-20 at 12.51.07 PM (1).jpeg","144029"
"21","WhatsApp Image 2026-02-20 at 12.51.07 PM.jpeg","C:\Users\Gayathri\Downloads\KV\WhatsApp Image 2026-02-20 at 12.51.07 PM.jpeg","174183"
"22","WhatsApp Image 2026-02-20 at 12.51.08 PM (1).jpeg","C:\Users\Gayathri\Downloads\KV\WhatsApp Image 2026-02-20 at 12.51.08 PM (1).jpeg","97084"
"23","WhatsApp Image 2026-02-20 at 12.51.08 PM (2).jpeg","C:\Users\Gayathri\Downloads\KV\WhatsApp Image 2026-02-20 at 12.51.08 PM (2).jpeg","101352"
"24","WhatsApp Image 2026-02-20 at 12.51.08 PM.jpeg","C:\Users\Gayathri\Downloads\KV\WhatsApp Image 2026-02-20 at 12.51.08 PM.jpeg","127308"
"25","WhatsApp Image 2026-02-20 at 12.51.09 PM (1).jpeg","C:\Users\Gayathri\Downloads\KV\WhatsApp Image 2026-02-20 at 12.51.09 PM (1).jpeg","107001"
"26","WhatsApp Image 2026-02-20 at 12.51.09 PM.jpeg","C:\Users\Gayathri\Downloads\KV\WhatsApp Image 2026-02-20 at 12.51.09 PM.jpeg","146926"
